날짜,시가,고가,저가,종가,거래량,등락률
2021-06-01,80500,81300,80100,80600,14058401,0.12422360248447205
2021-06-02,80400,81400,80300,80800,16414644,0.24813895781637718
2021-06-03,81300,83000,81100,82800,29546007,2.4752475247524752
2021-06-04,82700,82700,81500,82200,18112259,-0.7246376811594203
2021-06-07,82700,82800,81600,81900,16496197,-0.36496350364963503
2021-06-08,82300,82600,81800,81900,12781226,0.0
2021-06-09,81500,82000,81100,81100,14908823,-0.9768009768009768
2021-06-10,81300,81400,80900,81000,17586995,-0.12330456226880394
2021-06-11,81200,81700,80700,81000,14087962,0.0
2021-06-14,80800,80900,80500,80500,10550078,-0.6172839506172839
2021-06-15,80900,81200,80600,80900,10075685,0.4968944099378882
2021-06-16,81500,81900,81100,81800,14999855,1.1124845488257107
2021-06-17,81100,81300,80700,80900,14007385,-1.1002444987775062
2021-06-18,81100,81100,80500,80500,14916721,-0.4944375772558714
2021-06-21,79700,80000,79600,79900,16063340,-0.7453416149068323
2021-06-22,80200,80300,79900,80000,11773365,0.1251564455569462
2021-06-23,80500,80600,79900,80100,13856548,0.125
2021-06-24,80400,81400,80100,81200,18771080,1.373283395755306
2021-06-25,81500,81900,81200,81600,13481405,0.49261083743842365
2021-06-28,81700,82000,81600,81900,11578529,0.3676470588235294
2021-06-29,81900,82100,80800,81000,15744317,-1.098901098901099
2021-06-30,81100,81400,80700,80700,13288643,-0.3703703703703704
2021-07-01,80500,80600,80000,80100,13382882,-0.7434944237918215
2021-07-02,80000,80400,79900,80000,8753097,-0.12484394506866417
2021-07-05,80100,80800,80000,80400,8330969,0.5
2021-07-06,80600,81200,80500,81200,12131651,0.9950248756218906
2021-07-07,81200,81300,80300,80800,15992202,-0.49261083743842365
2021-07-08,81100,81200,79900,79900,16660998,-1.1138613861386137
2021-07-09,79600,79800,79000,79400,22720577,-0.6257822277847309
2021-07-12,79900,80000,79500,79700,9768108,0.3778337531486146
2021-07-13,80000,80200,79800,79800,9863450,0.12547051442910914
2021-07-14,79400,79600,79100,79500,11575636,-0.37593984962406013
2021-07-15,79800,80600,79500,80600,13766279,1.3836477987421385
2021-07-16,80100,80100,79500,79800,10859399,-0.9925558312655087
2021-07-19,79100,79200,78800,79000,13155414,-1.0025062656641603
2021-07-20,78500,79000,78400,79000,12456646,0.0
2021-07-21,79000,79100,78500,78500,12355296,-0.6329113924050633
2021-07-22,79000,79800,78900,79700,12618790,1.5286624203821657
2021-07-23,79700,79900,79200,79300,9098910,-0.5018820577164366
2021-07-26,79400,79500,78800,78800,10040975,-0.6305170239596469
2021-07-27,79200,79400,78500,78500,11427693,-0.3807106598984772
2021-07-28,78300,79200,78100,79200,12743417,0.89171974522293
2021-07-29,78800,79400,78800,79000,14360453,-0.25252525252525254
2021-07-30,78900,78900,78500,78500,13823411,-0.6329113924050633
2021-08-02,79200,79500,78700,79300,11739124,1.019108280254777
2021-08-03,79400,81400,79300,81400,24339360,2.648171500630517
2021-08-04,82200,83100,81800,82900,25642368,1.8427518427518428
2021-08-05,83300,83300,82000,82100,18485469,-0.9650180940892641
2021-08-06,81900,82500,81300,81500,13342623,-0.730816077953715
2021-08-09,81500,82300,80900,81500,15522581,0.0
2021-08-10,82300,82400,80100,80200,20362639,-1.5950920245398774
2021-08-11,79600,79800,78500,78500,30241137,-2.119700748129676
2021-08-12,77100,78200,76900,77000,42365223,-1.910828025477707
2021-08-13,75800,76000,74100,74400,61270643,-3.3766233766233764
2021-08-17,74000,75100,74000,74200,30944847,-0.2688172043010753
2021-08-18,73900,74600,73100,73900,29192631,-0.40431266846361186
2021-08-19,73500,74400,73100,73100,22166298,-1.0825439783491204
2021-08-20,73500,73900,72500,72700,22364803,-0.5471956224350205
2021-08-23,73300,74000,73000,73300,19384648,0.8253094910591471
2021-08-24,73900,75700,73900,75600,21016913,3.1377899045020468
2021-08-25,76200,76600,74900,75700,22319664,0.13227513227513227
2021-08-26,76100,76200,74600,74600,16671494,-1.453104359313078
2021-08-27,74300,75000,73800,74300,15172748,-0.40214477211796246
2021-08-30,75400,75500,74200,74600,12686999,0.4037685060565276
2021-08-31,74900,76700,74300,76700,24630370,2.8150134048257374
2021-09-01,76700,77100,75900,76800,16114775,0.1303780964797914
2021-09-02,76800,76800,75700,76000,15347486,-1.0416666666666665
2021-09-03,76400,76700,76000,76600,12096419,0.7894736842105263
2021-09-06,76800,77600,76600,77300,12861180,0.9138381201044387
2021-09-07,77100,77100,75900,76100,13239401,-1.5523932729624839
2021-09-08,76000,76400,75600,76300,11798147,0.2628120893561104
2021-09-09,76400,76600,75000,75300,17600770,-1.310615989515072
2021-09-10,75300,75600,74800,75300,10103212,0.0
2021-09-13,75200,76300,75100,76300,11397775,1.3280212483399734
2021-09-14,77100,77700,76600,76600,18167057,0.39318479685452157
2021-09-15,77400,77400,76400,77000,12829128,0.5221932114882507
2021-09-16,77300,77400,76100,76100,13067622,-1.1688311688311688
2021-09-17,76300,77200,75900,77200,16289502,1.445466491458607
2021-09-23,77500,77600,76800,77400,17055590,0.2590673575129534
2021-09-24,77600,77700,77100,77300,12247274,-0.12919896640826875
2021-09-27,77300,77700,77000,77700,11699798,0.517464424320828
2021-09-28,77700,77800,76200,76300,15406382,-1.8018018018018018
2021-09-29,74800,75300,73800,74100,23992458,-2.8833551769331587
2021-09-30,74300,74800,73700,74100,19919361,0.0
2021-10-01,73900,74000,72900,73200,15803395,-1.214574898785425
2021-10-05,73000,73000,71400,72200,24013921,-1.366120218579235
2021-10-06,72600,72800,71200,71300,18956962,-1.2465373961218837
2021-10-07,71600,72100,71300,71600,13683532,0.42075736325385693
2021-10-08,72300,72400,71500,71500,14043287,-0.13966480446927373
2021-10-12,70700,70900,68700,69000,31001484,-3.4965034965034967
2021-10-13,68700,69600,68300,68800,24172015,-0.2898550724637681
2021-10-14,69000,69800,68800,69400,19520641,0.872093023255814
2021-10-15,70200,71000,70000,70100,18051612,1.0086455331412103
2021-10-18,70200,70300,69200,70200,13486391,0.14265335235378032
2021-10-19,70800,71000,70400,70600,9507991,0.5698005698005698
2021-10-20,70700,71000,70200,70300,10151638,-0.424929178470255
2021-10-21,70300,70600,70000,70200,10891094,-0.1422475106685633
2021-10-22,70000,70700,70000,70400,8395448,0.2849002849002849
2021-10-25,69900,70600,69500,70200,10029621,-0.2840909090909091
2021-10-26,70600,71500,70400,71100,10528252,1.282051282051282
2021-10-27,71000,71000,70000,70100,10295316,-1.4064697609001406
2021-10-28,69500,72200,69500,70700,20644902,0.8559201141226819
2021-10-29,71200,71600,69700,69800,17016151,-1.272984441301273
2021-11-01,70200,70600,69900,69900,11503729,0.14326647564469913
2021-11-02,70800,72200,70700,71500,16812570,2.28898426323319
2021-11-03,71700,71700,70100,70400,12770428,-1.5384615384615385
2021-11-04,71200,71600,70500,70600,11818987,0.2840909090909091
2021-11-05,71600,71600,70200,70200,12667743,-0.56657223796034
2021-11-08,70400,70600,69800,70600,11121981,0.5698005698005698
2021-11-09,70300,71000,70100,70500,11159589,-0.141643059490085
2021-11-10,70300,70900,70200,70200,9422009,-0.425531914893617
2021-11-11,69900,70000,69600,69900,11489122,-0.4273504273504274
2021-11-12,70200,70900,69900,70600,10087450,1.0014306151645207
2021-11-15,71700,71900,70900,71400,12420710,1.13314447592068
2021-11-16,71500,72000,71300,71300,10919239,-0.1400560224089636
2021-11-17,71300,71600,70600,70700,11027606,-0.8415147265077139
2021-11-18,70700,71000,70200,70200,10144957,-0.7072135785007072
2021-11-19,70400,71400,70100,71200,11954728,1.4245014245014245
2021-11-22,73300,75200,73000,74900,27506623,5.196629213483146
2021-11-23,76000,76000,74500,75300,22029195,0.5340453938584779
2021-11-24,76000,76200,74100,74800,15652305,-0.6640106241699867
2021-11-25,75100,75100,73600,73700,12559258,-1.4705882352941175
2021-11-26,73500,74100,72000,72300,13002242,-1.8995929443690638
2021-11-29,71700,73000,71400,72300,16682559,0.0
2021-11-30,73200,73900,70500,71300,30364841,-1.3831258644536653
2021-12-01,72000,74800,71600,74400,21954856,4.3478260869565215
2021-12-02,73900,75800,73800,75800,23652940,1.881720430107527
2021-12-03,75600,76000,74100,75600,18330240,-0.2638522427440633
2021-12-06,75100,76700,74900,76300,16391250,0.9259259259259258
2021-12-07,76100,77700,75600,77400,19232453,1.4416775884665793
2021-12-08,78300,78600,77100,77400,21558340,0.0
2021-12-09,77400,78200,77000,78200,21604528,1.03359173126615
2021-12-10,77400,77600,76800,76900,9155219,-1.6624040920716114
2021-12-13,77200,78300,76500,76800,15038750,-0.13003901170351106
2021-12-14,76500,77200,76200,77000,10976660,0.26041666666666663
2021-12-15,76400,77600,76300,77600,9584939,0.7792207792207793
2021-12-16,78500,78500,77400,77800,11996128,0.25773195876288657
2021-12-17,76800,78000,76800,78000,13108479,0.2570694087403599
2021-12-20,77600,77800,76800,77100,11264375,-1.153846153846154
2021-12-21,77900,78300,77500,78100,14245298,1.297016861219196
2021-12-22,78900,79400,78800,79400,17105892,1.6645326504481435
2021-12-23,79800,80000,79300,79900,13577498,0.6297229219143577
2021-12-24,80200,80800,80200,80500,12086380,0.7509386733416771
2021-12-27,80600,80600,79800,80200,10783368,-0.37267080745341613
2021-12-28,80200,80400,79700,80300,18226325,0.12468827930174563
2021-12-29,80200,80200,78500,78800,19794795,-1.86799501867995
2021-12-30,78900,79500,78100,78300,14236700,-0.6345177664974619
2022-01-03,79400,79800,78200,78600,13502112,0.38314176245210724
2022-01-04,78800,79200,78300,78700,12427416,0.1272264631043257
2022-01-05,78800,79000,76400,77400,25470640,-1.6518424396442184
2022-01-06,76700,77600,76600,76900,12931954,-0.6459948320413437
2022-01-07,78100,78400,77400,78300,15163757,1.8205461638491547
2022-01-10,78100,78100,77100,78000,9947422,-0.38314176245210724
2022-01-11,78400,79000,78000,78900,13221123,1.153846153846154
2022-01-12,79500,79600,78600,78900,11000502,0.0
2022-01-13,79300,79300,77900,77900,13889401,-1.2674271229404308
2022-01-14,77700,78100,77100,77300,10096725,-0.7702182284980745
2022-01-17,77600,77800,76900,77500,8785122,0.258732212160414
2022-01-18,77600,77800,76600,77000,9592788,-0.6451612903225806
2022-01-19,76500,76900,76100,76300,10598290,-0.9090909090909091
2022-01-20,76200,76700,75900,76500,9708168,0.2621231979030144
2022-01-21,75800,75800,74700,75600,15774888,-1.1764705882352942
2022-01-24,75400,75800,74700,75100,13691134,-0.6613756613756614
2022-01-25,74800,75000,73200,74000,17766704,-1.4647137150466045
2022-01-26,73900,74400,73100,73300,12976730,-0.945945945945946
2022-01-27,73800,74000,71300,71300,22274777,-2.728512960436562
2022-01-28,71300,73700,71200,73300,21367447,2.805049088359046
2022-02-03,74900,74900,73300,73300,17744721,0.0
2022-02-04,74300,74600,73400,74000,12730034,0.9549795361527967
2022-02-07,73500,73600,72400,73000,14240838,-1.3513513513513513
2022-02-08,73800,74200,73000,73500,11736666,0.684931506849315
2022-02-09,74300,74700,74000,74700,9699122,1.6326530612244898
2022-02-10,75600,75800,74700,75400,17746033,0.9370816599732262
2022-02-11,75000,75500,74600,74900,12205407,-0.6631299734748011
2022-02-14,74400,74500,73100,73700,13993255,-1.602136181575434
2022-02-15,74100,74200,73100,73700,9320365,0.0
2022-02-16,74600,74900,74200,74800,10767386,1.4925373134328357
2022-02-17,75000,75600,74500,75000,13605382,0.267379679144385
2022-02-18,74600,74800,73700,74300,10122226,-0.9333333333333335
2022-02-21,73200,74300,72600,74200,10489717,-0.13458950201884254
2022-02-22,73000,73400,72800,73400,11692469,-1.078167115902965
2022-02-23,73800,73800,72800,73000,10397964,-0.544959128065395
2022-02-24,72300,72300,71300,71500,15759283,-2.054794520547945
2022-02-25,72100,72600,71900,71900,13168484,0.5594405594405595
2022-02-28,71100,72100,71000,72100,17781783,0.27816411682892905
2022-03-02,72300,72400,71500,71700,12481430,-0.5547850208044383
2022-03-03,72300,73100,72200,72900,13232638,1.6736401673640167
2022-03-04,72700,72700,71200,71500,13409634,-1.9204389574759946
2022-03-07,70000,70600,69900,70100,18617138,-1.9580419580419581
2022-03-08,68800,70000,68700,69500,15828269,-0.8559201141226819
2022-03-10,70800,71200,70500,71200,21159248,2.446043165467626
2022-03-11,70500,70700,69700,70000,15787655,-1.6853932584269662
2022-03-14,70000,70200,69600,70200,9040993,0.2857142857142857
2022-03-15,69800,70100,69500,69500,10258562,-0.9971509971509971
2022-03-16,70200,70500,69700,70400,10175750,1.2949640287769784
2022-03-17,71200,71800,70900,71200,17646315,1.1363636363636365
2022-03-18,70600,70900,70200,70700,14410038,-0.7022471910112359
2022-03-21,70900,71000,69900,69900,11169002,-1.1315417256011315
2022-03-22,69900,70500,69900,70300,9402666,0.5722460658082975
2022-03-23,70600,71200,70300,70500,12398025,0.2844950213371266
2022-03-24,69600,70300,69600,69800,37943357,-0.9929078014184398
2022-03-25,70100,70200,69600,69800,12986010,0.0
2022-03-28,69500,69900,69200,69700,12619289,-0.14326647564469913
2022-03-29,70000,70300,69800,70200,13686208,0.7173601147776184
2022-03-30,70300,70500,69800,69900,12670187,-0.4273504273504274
2022-03-31,69900,70200,69600,69600,12510366,-0.4291845493562232
2022-04-01,69500,69500,69000,69100,15916846,-0.7183908045977011
2022-04-04,68900,69300,68600,69300,11107905,0.2894356005788712
2022-04-05,69400,69600,69100,69200,8467248,-0.1443001443001443
2022-04-06,68600,68800,68500,68500,15517308,-1.0115606936416186
2022-04-07,68500,68500,68000,68000,20683327,-0.7299270072992701
2022-04-08,68100,68300,67700,67800,15453191,-0.29411764705882354
2022-04-11,67800,68100,67400,67900,12263735,0.14749262536873156
2022-04-12,67600,67700,67000,67000,13924389,-1.3254786450662739
2022-04-13,67300,69000,67200,68700,17378619,2.5373134328358207
2022-04-14,68700,68700,67500,67500,16409494,-1.7467248908296942
2022-04-15,67200,67300,66500,66600,13176415,-1.3333333333333335
2022-04-18,66500,67100,66100,66700,10119203,0.15015015015015015
2022-04-19,67100,68000,67000,67300,12959434,0.8995502248875562
2022-04-20,67000,67400,66500,67400,16693293,0.1485884101040119
2022-04-21,67600,68300,67500,67700,12847448,0.44510385756676557
2022-04-22,67200,67300,66700,67000,11791478,-1.03397341211226
2022-04-25,66500,66700,66300,66300,11016474,-1.0447761194029852
2022-04-26,66400,66700,66100,66100,12946923,-0.301659125188537
2022-04-27,65400,65500,64900,65000,18122084,-1.6641452344931922
2022-04-28,65400,65500,64500,64800,16895527,-0.3076923076923077
2022-04-29,65100,67600,65000,67400,26190390,4.012345679012346
2022-05-02,66600,67600,66500,67300,14106184,-0.1483679525222552
2022-05-03,67400,68400,67300,67500,14168875,0.2971768202080238
2022-05-04,68000,68400,67500,67900,11505248,0.5925925925925926
2022-05-06,67000,67100,66500,66500,14356156,-2.0618556701030926
2022-05-09,66300,66900,66100,66100,11858736,-0.6015037593984963
2022-05-10,65900,66300,65300,65700,17235605,-0.6051437216338881
2022-05-11,65500,66300,65200,65700,12330920,0.0
2022-05-12,65200,65500,64900,64900,16414188,-1.21765601217656
2022-05-13,65300,66700,65200,66500,14551536,2.465331278890601
2022-05-16,67100,67400,66100,66300,11937555,-0.30075187969924816
2022-05-17,66600,67900,66600,67600,15680447,1.9607843137254901
2022-05-18,68300,68700,67600,68100,16486319,0.7396449704142012
2022-05-19,66500,67600,66500,67500,17073727,-0.881057268722467
2022-05-20,67800,68400,67700,68000,12109671,0.7407407407407408
2022-05-23,68800,68800,67600,67900,13684088,-0.14705882352941177
2022-05-24,67500,67700,66500,66500,15482576,-2.0618556701030926
2022-05-25,66700,67100,65900,66400,15150490,-0.15037593984962408
2022-05-26,66300,67200,65500,65900,15970890,-0.7530120481927711
2022-05-27,66700,66900,66200,66500,11405555,0.9104704097116844
2022-05-30,67500,67800,66900,67700,14255484,1.8045112781954888
2022-05-31,67500,67500,66700,67400,24365002,-0.4431314623338257
2022-06-02,66600,67000,66400,66700,14959443,-1.0385756676557862
2022-06-03,67200,67300,66800,66800,8222883,0.14992503748125938
2022-06-07,66200,66400,65400,65500,19355755,-1.9461077844311379
2022-06-08,65400,65700,65300,65300,12483180,-0.3053435114503817
2022-06-09,65100,65200,64500,65200,25790725,-0.1531393568147014
2022-06-10,64000,64400,63800,63800,22193552,-2.147239263803681
2022-06-13,62400,62800,62100,62100,22157816,-2.664576802507837
2022-06-14,61200,62200,61100,61900,24606419,-0.322061191626409
2022-06-15,61300,61500,60200,60700,26811224,-1.938610662358643
2022-06-16,61300,61800,60500,60900,23394895,0.3294892915980231
2022-06-17,59400,59900,59400,59800,29053450,-1.8062397372742198
2022-06-20,59800,59900,58100,58700,34111306,-1.839464882943144
2022-06-21,58700,59200,58200,58500,25148109,-0.34071550255536626
2022-06-22,59000,59100,57600,57600,23334687,-1.5384615384615385
2022-06-23,57700,58000,56800,57400,28338608,-0.3472222222222222
2022-06-24,57900,59100,57700,58400,23256103,1.7421602787456445
2022-06-27,59000,59900,58300,58800,18122236,0.684931506849315
2022-06-28,59200,59500,58700,59400,13540538,1.0204081632653061
2022-06-29,58500,58800,58000,58000,14677138,-2.356902356902357
2022-06-30,57200,57600,57000,57000,18915142,-1.7241379310344827
2022-07-01,56900,57500,55900,56200,24982097,-1.4035087719298245
2022-07-04,56100,57400,55700,57100,17807126,1.601423487544484
2022-07-05,57600,58200,57200,57200,14216539,0.17513134851138354
2022-07-06,57300,57300,56400,56400,16820461,-1.3986013986013985
2022-07-07,56400,58700,56300,58200,21322833,3.1914893617021276
2022-07-08,58600,59300,58200,58700,15339271,0.859106529209622
2022-07-11,59300,59600,58700,58800,13042624,0.17035775127768313
2022-07-12,58600,58700,58100,58100,9336061,-1.1904761904761905
2022-07-13,58300,58600,58000,58000,10841315,-0.17211703958691912
2022-07-14,57500,58200,57400,57500,15067012,-0.8620689655172413
2022-07-15,58400,60000,58100,60000,18685583,4.3478260869565215
2022-07-18,60600,62000,60500,61900,20832517,3.166666666666667
2022-07-19,61400,61500,60200,60900,15248261,-1.615508885298869
2022-07-20,61800,62100,60500,60500,16782238,-0.6568144499178982
2022-07-21,61100,61900,60700,61800,12291374,2.1487603305785123
2022-07-22,61800,62200,61200,61300,10261310,-0.8090614886731391
2022-07-25,60900,61900,60800,61100,9193681,-0.3262642740619902
2022-07-26,60800,61900,60800,61700,6597211,0.9819967266775778
2022-07-27,61300,61900,61200,61800,7320997,0.1620745542949757
2022-07-28,62300,62600,61600,61900,10745302,0.16181229773462785
2022-07-29,62400,62600,61300,61400,15093120,-0.8077544426494345
2022-08-01,61000,61700,60300,61300,13154816,-0.16286644951140067
2022-08-02,61200,61900,61000,61700,13614895,0.6525285481239804
2022-08-03,61600,61600,61000,61300,10053861,-0.6482982171799028
2022-08-04,61700,61800,61200,61500,9125439,0.3262642740619902
2022-08-05,61700,61900,61200,61500,9567620,0.0
2022-08-08,61400,61400,60600,60800,11313150,-1.1382113821138211
2022-08-09,60600,60700,59600,60000,18251170,-1.3157894736842104
2022-08-10,58900,59200,58600,59100,18084349,-1.5
2022-08-11,59600,60000,59300,59900,15141941,1.353637901861252
2022-08-12,59500,60700,59400,60200,10786658,0.5008347245409015
2022-08-16,60500,61600,60300,61000,15036727,1.3289036544850499
2022-08-17,61100,61200,60300,60400,9061518,-0.9836065573770493
2022-08-18,60300,61900,60000,61500,16372754,1.8211920529801324
2022-08-19,61400,61600,60600,60900,6923679,-0.975609756097561
2022-08-22,60300,60400,59800,60000,8259865,-1.477832512315271
2022-08-23,59000,59600,59000,59100,9041629,-1.5
2022-08-24,59200,59500,59000,59000,8888486,-0.1692047377326565
2022-08-25,59200,59700,59000,59700,5767902,1.1864406779661016
2022-08-26,60300,60900,59900,60000,9499995,0.5025125628140703
2022-08-29,58700,58900,58600,58600,9841329,-2.3333333333333335
2022-08-30,58700,59000,58300,58800,9690044,0.3412969283276451
2022-08-31,58200,59900,58200,59700,14203512,1.530612244897959
2022-09-01,58700,58900,58300,58400,14905777,-2.1775544388609713
2022-09-02,58300,58600,57500,57500,15040310,-1.5410958904109588
2022-09-05,57400,57800,56800,57100,11425977,-0.6956521739130435
2022-09-06,57200,57600,56900,57100,7503086,0.0
2022-09-07,56700,56700,55900,56000,17384854,-1.926444833625219
2022-09-08,56200,56400,55600,55600,18000016,-0.7142857142857143
2022-09-13,57000,58500,56800,58100,17166581,4.496402877697841
2022-09-14,56200,57200,56100,56800,12524961,-2.2375215146299485
2022-09-15,57000,57100,56000,56000,11664819,-1.4084507042253522
2022-09-16,55600,56400,55500,56200,13456503,0.35714285714285715
2022-09-19,56300,57000,56000,56400,12278653,0.3558718861209964
2022-09-20,56400,57000,55800,55800,14041465,-1.0638297872340425
2022-09-21,55400,55500,55000,55300,11863700,-0.8960573476702508
2022-09-22,54600,54700,54300,54400,12786510,-1.62748643761302
2022-09-23,54400,54900,54200,54500,10555964,0.1838235294117647
2022-09-26,53700,54200,53600,53900,15008449,-1.1009174311926606
2022-09-27,53800,54200,53500,54200,16631289,0.5565862708719851
2022-09-28,53900,54400,52500,52900,19991129,-2.3985239852398523
2022-09-29,53300,53700,52600,52600,13882080,-0.5671077504725899
2022-09-30,52300,53600,51800,53100,22503249,0.9505703422053232
2022-10-04,55300,55400,54500,55200,19148435,3.954802259887006
2022-10-05,56900,57200,55400,56000,22458970,1.4492753623188406
2022-10-06,56700,57300,56300,56300,14944446,0.5357142857142857
2022-10-07,55900,56900,55200,56200,16886813,-0.17761989342806395
2022-10-11,54400,55700,54000,55400,21437877,-1.4234875444839856
2022-10-12,55700,57000,55200,55800,18408910,0.7220216606498195
2022-10-13,55400,56100,55200,55200,13784602,-1.0752688172043012
2022-10-14,56200,56500,55800,56300,12924326,1.9927536231884055
2022-10-17,55800,57000,55700,56600,13641878,0.5328596802841918
2022-10-18,56700,57100,55800,56500,14820702,-0.17667844522968199
2022-10-19,56700,56900,55700,55800,12660652,-1.238938053097345
2022-10-20,55200,56000,55100,55500,17107653,-0.5376344086021506
2022-10-21,55100,56300,55100,55900,11456060,0.7207207207207207
2022-10-24,57000,57500,56700,57500,16944503,2.862254025044723
2022-10-25,57000,58600,57000,57700,17405678,0.34782608695652173
2022-10-26,58000,59600,57700,59400,20824967,2.946273830155979
2022-10-27,59700,60100,58900,59500,21756712,0.16835016835016833
2022-10-28,58900,59200,57200,57300,20924937,-3.697478991596639
2022-10-31,58100,59900,58000,59400,18999514,3.664921465968586
2022-11-01,59900,60300,59500,60000,17201647,1.0101010101010102
2022-11-02,59700,60000,59300,59600,13202919,-0.6666666666666667
2022-11-03,58600,59800,58100,59200,17492162,-0.6711409395973155
2022-11-04,59100,59500,58400,59400,12445841,0.33783783783783783
2022-11-07,59700,60300,59400,60200,12437246,1.3468013468013467
2022-11-08,60500,61900,60500,61800,18273898,2.6578073089700998
2022-11-09,62000,62200,61300,62000,14045592,0.3236245954692557
2022-11-10,61400,61500,60400,60400,21087633,-2.5806451612903225
2022-11-11,63100,63200,62300,62900,20037163,4.13907284768212
2022-11-14,62900,62900,61700,61900,15973416,-1.5898251192368837
2022-11-15,62200,62500,61600,62400,12310986,0.8077544426494345
2022-11-16,62400,62700,61700,62700,12909260,0.4807692307692308
2022-11-17,62000,62000,61300,61400,13298296,-2.073365231259968
2022-11-18,61800,62400,61400,61800,12236503,0.6514657980456027
2022-11-21,61400,61800,60800,61400,9378097,-0.6472491909385114
2022-11-22,60900,61200,60300,60600,9411289,-1.3029315960912053
2022-11-23,61200,61300,60700,61000,8765050,0.6600660066006601
2022-11-24,61200,61700,60900,61400,8125010,0.6557377049180327
2022-11-25,61400,61700,60800,61000,6677933,-0.6514657980456027
2022-11-28,60500,60500,59800,60100,8589032,-1.4754098360655739
2022-11-29,59900,60600,59800,60600,7014160,0.8319467554076538
2022-11-30,60400,62200,60200,62200,19768903,2.6402640264026402
2022-12-01,63100,63200,62300,62600,16631445,0.6430868167202572
2022-12-02,62500,62500,60400,60400,15331184,-3.5143769968051117
2022-12-05,60900,61100,60000,60300,13767787,-0.16556291390728478
2022-12-06,59800,60100,59200,59200,13888300,-1.8242122719734661
2022-12-07,58800,59600,58500,58900,12100662,-0.5067567567567568
2022-12-08,58700,59200,58600,59200,12986815,0.5093378607809848
2022-12-09,59300,60600,59300,60400,10529632,2.027027027027027
2022-12-12,59900,60000,59400,59500,9036472,-1.490066225165563
2022-12-13,59600,60300,59400,59700,9040873,0.33613445378151263
2022-12-14,59800,60600,59800,60500,8207485,1.340033500837521
2022-12-15,59800,60200,59300,59300,8716039,-1.9834710743801653
2022-12-16,58300,59500,58300,59500,13033596,0.33726812816188867
2022-12-19,59500,59900,59100,59500,7696187,0.0
2022-12-20,59000,59100,58500,58600,9284761,-1.5126050420168067
2022-12-21,58700,59100,58000,58000,10356971,-1.023890784982935
2022-12-22,58100,59100,58100,59100,10720630,1.896551724137931
2022-12-23,58200,58400,57700,58100,9829407,-1.6920473773265652
2022-12-26,58000,58100,57700,57900,6756411,-0.34423407917383825
2022-12-27,58000,58400,57900,58100,10667027,0.3454231433506045
2022-12-28,57600,57600,56400,56600,14665410,-2.5817555938037864
2022-12-29,56000,56200,55300,55300,11295935,-2.2968197879858656
2023-01-02,55500,56100,55200,55500,10031448,0.3616636528028933
2023-01-03,55400,56000,54500,55400,13547030,-0.18018018018018017
2023-01-04,55700,58000,55600,57800,20188071,4.332129963898916
2023-01-05,58200,58800,57600,58200,15682826,0.6920415224913495
2023-01-06,58300,59400,57900,59000,17334989,1.3745704467353952
2023-01-09,59700,60700,59600,60700,18640107,2.8813559322033897
2023-01-10,60200,61100,59900,60400,14859797,-0.4942339373970346
2023-01-11,61000,61200,60300,60500,12310751,0.16556291390728478
2023-01-12,61100,61200,59900,60500,16102561,0.0
2023-01-13,60500,61200,60400,60800,12510328,0.49586776859504134
2023-01-16,61300,61600,60800,61100,10039972,0.4934210526315789
2023-01-17,61200,61500,60600,61000,9831456,-0.16366612111292964
2023-01-18,60700,61000,59900,60400,11584041,-0.9836065573770493
2023-01-19,60500,61500,60400,61500,12808490,1.8211920529801324
2023-01-20,62100,62300,61100,61800,9646327,0.4878048780487805
2023-01-25,63500,63700,63000,63400,16822710,2.5889967637540456
2023-01-26,63800,63900,63300,63900,13278277,0.7886435331230284
2023-01-27,64400,65000,63900,64600,18760182,1.0954616588419406
2023-01-30,64900,64900,63100,63300,20995234,-2.0123839009287927
2023-01-31,63500,63700,61000,61000,29746731,-3.6334913112164293
2023-02-01,62600,62700,61000,61800,18570133,1.3114754098360655
2023-02-02,63200,63900,62600,63500,23285983,2.750809061488673
2023-02-03,63900,64000,63000,63800,15194598,0.47244094488188976
2023-02-06,62800,63000,61600,61600,15529356,-3.4482758620689653
2023-02-07,61900,62500,61600,61900,14491039,0.487012987012987
2023-02-08,62800,63300,62400,63100,12243125,1.938610662358643
2023-02-09,63000,63300,62300,63000,12164865,-0.15847860538827258
2023-02-10,62600,63000,62400,62800,9382576,-0.31746031746031744
2023-02-13,62900,63000,62300,62900,10730362,0.15923566878980894
2023-02-14,63600,63900,63200,63200,9126664,0.47694753577106513
2023-02-15,63900,63900,62000,62200,13208103,-1.5822784810126582
2023-02-16,62500,63700,62400,63700,13798831,2.4115755627009645
2023-02-17,62900,63300,62400,62600,10791265,-1.726844583987441
2023-02-20,62900,63000,61800,62700,12908073,0.1597444089456869
2023-02-21,62700,62800,62000,62100,7665046,-0.9569377990430622
2023-02-22,61500,61800,61000,61100,11959088,-1.610305958132045
2023-02-23,61700,62500,61500,62000,13047099,1.4729950900163666
2023-02-24,62300,62600,61300,61300,10308143,-1.129032258064516
2023-02-27,60800,60800,60200,60500,11155697,-1.3050570962479608
2023-02-28,60800,61400,60500,60600,13715861,0.1652892561983471
2023-03-02,60900,61800,60500,60800,13095682,0.33003300330033003
2023-03-03,61000,61200,60500,60500,10711405,-0.4934210526315789
2023-03-06,61100,61600,60800,61500,13630602,1.6528925619834711
2023-03-07,61400,61400,60700,60700,11473280,-1.3008130081300813
2023-03-08,60100,60500,59900,60300,14161857,-0.6589785831960462
2023-03-09,60500,60800,59900,60100,14334499,-0.33167495854063017
2023-03-10,59500,59700,59100,59500,11902471,-0.9983361064891847
2023-03-13,59900,60200,59300,60000,12779724,0.8403361344537815
2023-03-14,59400,59500,59000,59000,12147346,-1.6666666666666667
2023-03-15,60000,60300,59600,59800,10482149,1.3559322033898304
2023-03-16,59200,60200,59100,59900,10611939,0.16722408026755853
2023-03-17,60800,61300,60600,61300,14090110,2.337228714524207
2023-03-20,61100,61200,60200,60200,9618009,-1.794453507340946
2023-03-21,60500,60700,60100,60300,8318514,0.16611295681063123
2023-03-22,61000,61200,60500,61100,8978591,1.3266998341625207
2023-03-23,60600,62300,60600,62300,15381057,1.9639934533551555
2023-03-24,62700,63300,62300,63000,18278602,1.1235955056179776
2023-03-27,62600,62800,62000,62100,11039331,-1.4285714285714286
2023-03-28,62400,62900,62100,62900,11614118,1.288244766505636
2023-03-29,62500,62700,62200,62700,11216008,-0.3179650238473768
2023-03-30,63700,63700,63100,63200,15684377,0.7974481658692184
2023-03-31,64000,64000,63700,64000,14094479,1.2658227848101267
2023-04-03,64000,64000,63000,63100,11973133,-1.40625
2023-04-04,63400,63800,62800,63600,11120514,0.7923930269413629
2023-04-05,63700,64000,63400,63900,9176149,0.4716981132075472
2023-04-06,63500,63600,62300,62300,14992747,-2.503912363067293
2023-04-07,63800,65200,63800,65000,27476120,4.333868378812198
2023-04-10,64800,66300,64700,65700,18777166,1.0769230769230769
2023-04-11,66200,66200,65400,65900,16323183,0.30441400304414
2023-04-12,65800,66200,65300,66000,15021313,0.15174506828528073
2023-04-13,65600,66100,65400,66100,15091022,0.15151515151515152
2023-04-14,66600,66600,65000,65100,16176490,-1.5128593040847202
2023-04-17,65000,65600,64700,65300,13486618,0.30721966205837176
2023-04-18,65900,66000,64800,65600,14802060,0.45941807044410415
2023-04-19,65500,65800,65300,65500,10255985,-0.1524390243902439
2023-04-20,65100,65300,64600,65300,9501169,-0.3053435114503817
2023-04-21,65800,65900,65400,65700,10538622,0.6125574272588056
2023-04-24,65300,65700,64800,65200,12986581,-0.76103500761035
2023-04-25,65300,65400,63400,63600,16193271,-2.4539877300613497
2023-04-26,63600,64300,63300,64100,12664541,0.7861635220125787
2023-04-27,64100,65000,63300,64600,14779601,0.7800312012480499
2023-04-28,65200,65900,65000,65500,19699481,1.393188854489164
2023-05-02,66000,66300,65100,65700,14396948,0.3053435114503817
2023-05-03,65100,65600,64900,65400,8876749,-0.45662100456621
2023-05-04,65600,65700,64700,65100,9791064,-0.45871559633027525
2023-05-08,66300,66300,65400,65900,9405365,1.228878648233487
2023-05-09,65800,65800,65100,65300,9366861,-0.9104704097116844
2023-05-10,65500,65500,64300,64600,13057727,-1.0719754977029097
2023-05-11,64700,65100,64200,64200,11648905,-0.6191950464396285
2023-05-12,63700,64600,63600,64100,8693913,-0.1557632398753894
2023-05-15,64100,64600,63900,64500,8172021,0.62402496099844
2023-05-16,65800,65900,65300,65400,12334657,1.3953488372093024
2023-05-17,65900,65900,64800,65000,10745504,-0.6116207951070336
2023-05-18,66000,66200,65700,66200,14431704,1.8461538461538463
2023-05-19,67800,68400,67500,68400,20349345,3.3232628398791544
2023-05-22,68400,69000,68000,68500,14470308,0.14619883040935672
2023-05-23,68500,68700,68100,68400,8561643,-0.145985401459854
2023-05-24,68100,68700,68000,68500,8192896,0.14619883040935672
2023-05-25,69900,70000,68700,68800,14231160,0.43795620437956206
2023-05-26,69800,70400,69500,70300,19549511,2.1802325581395348
2023-05-30,71300,72300,71200,72300,27476897,2.844950213371266
2023-05-31,72400,72500,71000,71400,25666087,-1.2448132780082988
2023-06-01,70900,71600,70600,70900,14669296,-0.700280112044818
2023-06-02,71700,72200,71600,72200,12161798,1.8335684062059237
2023-06-05,72700,72700,71400,71700,12686829,-0.6925207756232686
2023-06-07,71300,71600,70800,71000,14796613,-0.9762900976290098
2023-06-08,70400,70900,70000,70900,19165568,-0.14084507042253522
2023-06-09,71100,72300,70800,72000,15050209,1.5514809590973202
2023-06-12,72100,72400,70800,71000,12064287,-1.3888888888888888
2023-06-13,71700,72200,71600,72000,13227285,1.4084507042253522
2023-06-14,72100,72200,71100,71900,12541046,-0.1388888888888889
2023-06-15,72100,72300,71300,71500,13614994,-0.5563282336578581
2023-06-16,71800,71900,70900,71800,15373696,0.4195804195804196
2023-06-19,71300,71700,70900,71200,11100887,-0.8356545961002786
2023-06-20,70700,71400,70400,71400,11557883,0.2808988764044944
2023-06-21,70700,71200,70400,70500,10626603,-1.2605042016806722
2023-06-22,70200,71500,70100,71300,11411007,1.1347517730496455
2023-06-23,72000,72200,71600,71600,12329484,0.42075736325385693
2023-06-26,71700,72500,71500,72400,10541901,1.1173184357541899
2023-06-27,72500,72600,72000,72600,9442997,0.2762430939226519
2023-06-28,72600,72700,72000,72700,8783093,0.13774104683195593
2023-06-29,73100,73400,72400,72400,12229967,-0.41265474552957354
2023-06-30,72500,72700,71700,72200,11694765,-0.2762430939226519
2023-07-03,72700,73200,72600,73000,10722181,1.10803324099723
2023-07-04,73400,73600,72900,73000,10214350,0.0
2023-07-05,73000,73300,71900,72000,12310610,-1.36986301369863
2023-07-06,71900,72400,71500,71600,14777667,-0.5555555555555556
2023-07-07,71100,71400,69800,69900,17308877,-2.3743016759776534
2023-07-10,70000,70400,69200,69500,11713926,-0.5722460658082975
2023-07-11,70200,71500,70100,71500,12177392,2.877697841726619
2023-07-12,71200,72000,71100,71900,10375581,0.5594405594405595
2023-07-13,72400,72600,71900,71900,14417279,0.0
2023-07-14,72500,73400,72400,73400,15882519,2.086230876216968
2023-07-17,73200,73500,72800,73300,10060049,-0.13623978201634876
2023-07-18,73200,73500,72000,72000,11697900,-1.7735334242837655
2023-07-19,72700,72800,71300,71700,10896412,-0.4166666666666667
2023-07-20,71100,71500,70800,71000,9732730,-0.9762900976290098
2023-07-21,70400,70400,69400,70300,16528926,-0.9859154929577465
2023-07-24,70100,70900,69900,70400,13418597,0.1422475106685633
2023-07-25,70000,70500,69800,70000,14314945,-0.5681818181818182
2023-07-26,69800,70600,68100,69800,30016221,-0.2857142857142857
2023-07-27,69900,71700,69300,71700,24261179,2.722063037249284
2023-07-28,71800,72400,70100,70600,19420683,-1.5341701534170153
2023-07-31,70900,71000,69800,69800,13035420,-1.13314447592068
2023-08-01,70100,71200,70000,71100,12299254,1.8624641833810889
2023-08-02,70700,71000,69800,69900,13835020,-1.6877637130801686
2023-08-03,69900,70200,68500,68800,20087090,-1.5736766809728182
2023-08-04,68800,69100,68200,68300,12360193,-0.7267441860465116
2023-08-07,67700,69200,67600,68500,10968505,0.29282576866764276
2023-08-08,69000,69100,67400,67600,14664709,-1.313868613138686
2023-08-09,68000,69600,67900,68900,17259673,1.9230769230769231
2023-08-10,68300,68500,67800,68000,10227311,-1.3062409288824384
2023-08-11,68400,68800,67500,67500,9781038,-0.7352941176470588
2023-08-14,67500,67900,66900,67300,9352343,-0.2962962962962963
2023-08-16,66700,67100,66300,67000,13174578,-0.44576523031203563
2023-08-17,66300,66800,66000,66700,10778652,-0.44776119402985076
2023-08-18,66000,66700,65800,66300,11745006,-0.5997001499250375
2023-08-21,66600,67100,66300,66600,9720067,0.4524886877828055
2023-08-22,67200,67700,66300,66600,10500242,0.0
2023-08-23,66700,67100,66400,67100,9549352,0.7507507507507507
2023-08-24,68300,68700,67900,68200,15044463,1.639344262295082
2023-08-25,67100,67400,66900,67100,7032462,-1.6129032258064515
2023-08-28,66800,67000,66500,66800,5824628,-0.44709388971684055
2023-08-29,66900,67200,66600,66800,9114352,0.0
2023-08-30,67300,67700,67100,67100,9181223,0.4491017964071856
2023-08-31,67100,67200,66400,66900,15964630,-0.29806259314456035
2023-09-01,66800,71000,66700,71000,29738235,6.128550074738415
2023-09-04,72900,72900,70700,71200,26286495,0.28169014084507044
2023-09-05,70900,71500,70200,70700,12330239,-0.7022471910112359
2023-09-06,70700,70800,69700,70000,11414620,-0.9900990099009901
2023-09-07,70000,70600,69600,70400,13741241,0.5714285714285714
2023-09-08,70200,70300,69600,70300,10688118,-0.14204545454545456
2023-09-11,70400,70800,70000,70800,11785462,0.7112375533428165
2023-09-12,70800,71000,70400,70500,11688599,-0.423728813559322
2023-09-13,71100,71600,70300,70900,15955797,0.5673758865248227
2023-09-14,71200,71800,70800,71700,21041407,1.1283497884344147
2023-09-15,71700,72300,71400,72000,17823512,0.41841004184100417
2023-09-18,71300,71700,70200,70200,16040727,-2.5
2023-09-19,70400,70800,69600,69800,11820188,-0.5698005698005698
2023-09-20,70000,70300,69500,69600,10873015,-0.28653295128939826
2023-09-21,69200,69800,68800,68900,10796336,-1.0057471264367817
2023-09-22,68300,68900,68300,68800,9897840,-0.14513788098693758
2023-09-25,68500,69700,68500,69400,13582516,0.872093023255814
2023-09-26,70000,70000,68400,68600,13143470,-1.1527377521613833
2023-09-27,68600,69100,68200,68400,14886491,-0.2915451895043732
2023-10-04,67400,67700,66700,67500,23361149,-1.3157894736842104
2023-10-05,67300,67400,66700,66700,16108313,-1.1851851851851851
2023-10-06,67100,67300,66000,66000,14386527,-1.0494752623688157
2023-10-10,66200,67600,66200,66400,19889202,0.6060606060606061
2023-10-11,68600,69400,67900,68200,25209349,2.710843373493976
2023-10-12,68600,69700,68200,68900,19311380,1.0263929618768328
2023-10-13,68000,68500,67700,68000,9724086,-1.3062409288824384
2023-10-16,67900,68500,66800,67300,12599299,-1.0294117647058822
2023-10-17,67700,69900,67400,69400,17299253,3.1203566121842496
2023-10-18,68900,70500,68800,70500,16493184,1.585014409221902
2023-10-19,69700,70000,69400,69500,13985012,-1.4184397163120568
2023-10-20,68900,69200,68100,68800,15204495,-1.0071942446043165
2023-10-23,68700,69100,68200,68400,11625959,-0.5813953488372093
2023-10-24,68700,68800,67700,68500,12791710,0.14619883040935672
2023-10-25,68800,68800,67900,68000,10610703,-0.7299270072992701
2023-10-26,67000,67900,66700,66700,15517624,-1.911764705882353
2023-10-27,67100,67300,66700,67300,11334726,0.8995502248875562
2023-10-30,66800,67800,66700,67300,10139270,0.0
2023-10-31,67600,68300,66900,66900,14488892,-0.5943536404160475
2023-11-01,67500,68900,67300,68600,13775256,2.5411061285500747
2023-11-02,70000,70000,69400,69700,16350031,1.6034985422740524
2023-11-03,69700,70200,69500,69600,10322234,-0.1434720229555237
2023-11-06,69800,70900,69300,70900,22228489,1.8678160919540232
2023-11-07,70600,70900,70000,70900,17228731,0.0
2023-11-08,71300,71400,69700,69900,12901310,-1.4104372355430184
2023-11-09,69900,70800,69600,70300,12301373,0.5722460658082975
2023-11-10,70000,70500,69500,70500,9684347,0.2844950213371266
2023-11-13,71300,71300,70300,70400,9246919,-0.14184397163120568
2023-11-14,71000,71100,70600,70800,9567984,0.5681818181818182
2023-11-15,71600,72200,71500,72200,20148677,1.977401129943503
2023-11-16,72500,73000,72300,72800,15860451,0.8310249307479225
2023-11-17,72300,73000,72300,72500,11494644,-0.4120879120879121
2023-11-20,72100,73000,72100,72700,10610157,0.27586206896551724
2023-11-21,73100,73400,72700,72800,9712881,0.1375515818431912
2023-11-22,72200,73000,71900,72800,11105143,0.0
2023-11-23,73000,73200,72200,72400,6775614,-0.5494505494505495
2023-11-24,72400,72600,71700,71700,6676685,-0.9668508287292817
2023-11-27,71500,72100,71100,71300,9113857,-0.5578800557880056
2023-11-28,71400,72700,71300,72700,13283081,1.9635343618513323
2023-11-29,72400,72800,72200,72700,9283933,0.0
2023-11-30,72700,72800,72200,72800,15783714,0.1375515818431912
2023-12-01,72400,72500,71700,72000,9871284,-1.098901098901099
2023-12-04,72800,72900,72400,72600,10229267,0.8333333333333334
2023-12-05,72300,72400,71200,71200,12129682,-1.9283746556473829
2023-12-06,71800,72100,71600,71700,8123087,0.7022471910112359
2023-12-07,71800,71900,71100,71500,8862017,-0.2789400278940028
2023-12-08,72100,72800,71900,72600,10859463,1.5384615384615385
2023-12-11,72800,73000,72200,73000,9861960,0.5509641873278237
2023-12-12,73300,73500,73100,73500,13758646,0.684931506849315
2023-12-13,73300,73500,72800,72800,13116766,-0.9523809523809524
2023-12-14,74100,74300,72500,73100,27567593,0.4120879120879121
2023-12-15,73800,74000,73200,73300,15419815,0.27359781121751026
2023-12-18,73300,73400,72800,72900,9690551,-0.5457025920873124
2023-12-19,73000,73400,72800,73400,8907632,0.6858710562414266
2023-12-20,74200,74900,73800,74800,16870156,1.9073569482288828
2023-12-21,74600,75000,74300,75000,13478766,0.267379679144385
2023-12-22,75800,76300,75400,75900,14515608,1.2
2023-12-26,76100,76700,75700,76600,13164909,0.922266139657444
2023-12-27,76700,78000,76500,78000,20651042,1.8276762402088773
2023-12-28,77700,78500,77500,78500,17797536,0.641025641025641
2024-01-02,78200,79800,78200,79600,17142847,1.4012738853503186
2024-01-03,78500,78800,77000,77000,21753644,-3.2663316582914574
2024-01-04,76100,77300,76100,76600,15324439,-0.5194805194805194
2024-01-05,76700,77100,76400,76600,11304316,0.0
2024-01-08,77000,77500,76400,76500,11088724,-0.13054830287206268
2024-01-09,77400,77700,74300,74700,26019249,-2.3529411764705883
2024-01-10,75000,75200,73200,73600,20259529,-1.4725568942436411
2024-01-11,72900,73600,72700,73200,57691266,-0.5434782608695652
2024-01-12,73000,74100,72800,73100,13038939,-0.1366120218579235
2024-01-15,73200,74000,73200,73900,13212339,1.094391244870041
2024-01-16,73500,73700,72500,72600,14760415,-1.7591339648173208
2024-01-17,73100,73300,71000,71000,22683660,-2.203856749311295
2024-01-18,71600,72000,70700,71700,17853397,0.9859154929577465
2024-01-19,73500,74700,73000,74700,23363427,4.184100418410042
2024-01-22,75900,76000,75000,75100,19673375,0.535475234270415
2024-01-23,75700,75800,74300,75200,14786224,0.13315579227696406
2024-01-24,75200,75200,73500,74000,12860661,-1.5957446808510638
2024-01-25,74200,74800,73700,74100,11737747,0.13513513513513514
2024-01-26,73700,74500,73300,73400,11160062,-0.9446693657219973
2024-01-29,73800,75200,73500,74400,13976521,1.3623978201634876
2024-01-30,75000,75300,73700,74300,12244418,-0.13440860215053765
2024-01-31,73400,74000,72500,72700,15703560,-2.1534320323014806
2024-02-01,73000,74200,72900,73600,19881033,1.2379642365887207
2024-02-02,74000,75200,73700,75200,14955881,2.1739130434782608
2024-02-05,74200,74800,73500,74300,19026021,-1.196808510638298
2024-02-06,74300,74700,73300,74400,14559254,0.13458950201884254
2024-02-07,74600,75500,74300,75000,16566445,0.8064516129032258
2024-02-08,75000,75200,73600,74100,20810708,-1.2
2024-02-13,74800,75200,74400,75200,21966745,1.484480431848853
2024-02-14,73700,74300,73700,74000,12434945,-1.5957446808510638
2024-02-15,74200,74400,73000,73000,14120600,-1.3513513513513513
2024-02-16,73300,73400,72500,72800,13444781,-0.273972602739726
2024-02-19,72800,73900,72800,73800,12726404,1.3736263736263736
2024-02-20,73700,73700,72800,73300,14681477,-0.6775067750677507
2024-02-21,73400,73700,72900,73000,11503495,-0.4092769440654843
2024-02-22,73800,73900,72700,73100,15208934,0.136986301369863
2024-02-23,73600,74200,72900,72900,16225166,-0.27359781121751026
2024-02-26,72300,73200,72200,72800,14669352,-0.1371742112482853
2024-02-27,73100,73400,72700,72900,13201981,0.13736263736263737
2024-02-28,72900,73900,72800,73200,11795859,0.411522633744856
2024-02-29,72600,73400,72000,73400,21176403,0.273224043715847
2024-03-04,74300,75000,74000,74900,23210474,2.043596730245232
2024-03-05,74600,74800,73700,73700,19505125,-1.602136181575434
2024-03-06,73200,73500,72700,72900,21547905,-1.0854816824966078
2024-03-07,73100,73300,72200,72200,14516963,-0.9602194787379973
2024-03-08,72800,73400,72600,73300,19271349,1.5235457063711912
2024-03-11,72900,73100,72300,72400,9740504,-1.227830832196453
2024-03-12,72600,73500,72100,73300,13011654,1.2430939226519337
2024-03-13,73700,74100,73500,74100,15243134,1.0914051841746248
2024-03-14,74400,74500,73600,74300,22545539,0.2699055330634278
2024-03-15,73400,73700,72300,72300,22580555,-2.6917900403768504
2024-03-18,72600,73000,72500,72800,11520348,0.6915629322268326
2024-03-19,72300,73000,71700,72800,15376066,0.0
2024-03-20,73700,77200,73400,76900,50106297,5.631868131868132
2024-03-21,79200,79300,77700,79300,44569799,3.1209362808842656
2024-03-22,79600,79900,77800,78900,26724761,-0.5044136191677175
2024-03-25,79600,79800,77800,78200,18703996,-0.8871989860583016
2024-03-26,79700,80100,79200,79900,30551494,2.1739130434782608
2024-03-27,79200,80000,79200,79800,17424595,-0.1251564455569462
2024-03-28,79400,81000,79200,80800,25084812,1.2531328320802004
2024-03-29,81200,82500,80900,82400,27126366,1.9801980198019802
2024-04-01,83200,83300,82000,82000,20116513,-0.48543689320388345
2024-04-02,82900,85000,82900,85000,37077944,3.6585365853658534
2024-04-03,84300,85000,83500,84100,30493347,-1.0588235294117647
2024-04-04,85200,85500,84300,85300,25248934,1.426872770511296
2024-04-05,84500,85000,83800,84500,18883752,-0.9378663540445485
2024-04-08,85200,86000,84500,84500,18953232,0.0
2024-04-09,84500,84900,83100,83600,23725956,-1.0650887573964496
2024-04-11,83200,84700,82500,84100,25538009,0.5980861244019139
2024-04-12,84700,84900,83200,83700,17061770,-0.47562425683709864
2024-04-15,82900,83200,81200,82200,26663772,-1.7921146953405016
2024-04-16,81200,81300,79400,80000,31949845,-2.67639902676399
2024-04-17,80700,80800,78900,78900,22611631,-1.375
2024-04-18,78800,80100,78300,79600,21370190,0.8871989860583016
2024-04-19,78300,78700,76300,77600,31317563,-2.512562814070352
2024-04-22,77400,77500,75100,76100,30469477,-1.9329896907216495
2024-04-23,76400,76800,75500,75500,18717699,-0.7884362680683311
2024-04-24,77500,78800,77200,78600,22166150,4.105960264900662
2024-04-25,77300,77500,76300,76300,15549134,-2.926208651399491
2024-04-26,77800,77900,76500,76700,12755629,0.5242463958060288
2024-04-29,77400,77600,76200,76700,14664474,0.0
2024-04-30,77000,78500,76600,77500,19007007,1.0430247718383312
2024-05-02,77600,78600,77300,78000,18900640,0.6451612903225806
2024-05-03,79000,79000,77500,77600,13151889,-0.5128205128205128
2024-05-07,79600,81300,79400,81300,26238868,4.768041237113402
2024-05-08,80800,81400,80500,81300,13089576,0.0
2024-05-09,81100,81500,79700,79700,18759935,-1.968019680196802
2024-05-10,80400,81100,78900,79200,16976124,-0.6273525721455459
2024-05-13,79400,79900,77600,78400,18652344,-1.0101010101010102
2024-05-14,78600,78800,77900,78300,11763992,-0.12755102040816327
2024-05-16,80200,80300,78100,78200,20989778,-0.1277139208173691
2024-05-17,78600,78800,77200,77400,15918201,-1.0230179028132993
2024-05-20,78100,79100,77900,78900,19456783,1.937984496124031
2024-05-21,78500,79000,78200,78400,13690583,-0.6337135614702154
2024-05-22,78100,78700,77300,77700,19521506,-0.8928571428571428
2024-05-23,77700,79100,77100,78300,18728087,0.7722007722007722
2024-05-24,76800,77000,75700,75900,27891278,-3.065134099616858
2024-05-27,75300,78200,74000,77200,43825202,1.7127799736495388
2024-05-28,76500,78000,76200,77600,18539072,0.5181347150259068
2024-05-29,77700,78200,75200,75200,30244875,-3.0927835051546393
2024-05-30,74800,75200,73500,73500,28551273,-2.2606382978723407
2024-05-31,74500,74700,73500,73500,26198776,0.0
2024-06-03,74400,76400,74200,75700,15706268,2.9931972789115644
2024-06-04,74900,76100,74900,75300,14098053,-0.5284015852047557
2024-06-05,78000,78000,76800,77400,23177968,2.788844621513944
2024-06-07,78400,78600,77100,77300,21189349,-0.12919896640826875
2024-06-10,76100,76600,75600,75700,14598755,-2.069857697283312
2024-06-11,75900,76000,75100,75200,16971175,-0.6605019815059445
2024-06-12,75300,77100,75200,76500,19246725,1.7287234042553192
2024-06-13,78400,79000,77800,78600,33763804,2.7450980392156863
2024-06-14,79700,80500,79000,79600,22926612,1.2722646310432568
2024-06-17,79200,79500,78000,78100,16123051,-1.8844221105527637
2024-06-18,78700,80200,78600,79800,18207598,2.176696542893726
2024-06-19,81100,82500,80500,81200,24168863,1.7543859649122806
2024-06-20,81500,82200,81200,81600,20288913,0.49261083743842365
2024-06-21,80700,80800,80000,80000,17907523,-1.9607843137254901
2024-06-24,79700,80900,79500,80600,15454227,0.75
2024-06-25,80600,81800,80100,80800,19088458,0.24813895781637718
2024-06-26,80100,81400,79900,81300,17783242,0.6188118811881188
2024-06-27,81300,81600,80500,81600,11739720,0.36900369003690037
2024-06-28,81900,81900,80800,81500,9455929,-0.12254901960784313
2024-07-01,81500,82100,81300,81800,11317202,0.36809815950920244
2024-07-02,82500,82600,81500,81800,14471904,0.0
2024-07-03,82300,82300,81000,81800,11440328,0.0
2024-07-04,82900,84700,82400,84600,43857229,3.4229828850855744
2024-07-05,85600,87100,85200,87100,45791193,2.955082742316785
2024-07-08,87900,88600,86900,87400,24035809,0.3444316877152698
2024-07-09,87800,88200,86900,87800,21336201,0.4576659038901602
2024-07-10,87600,88000,87100,87800,17813847,0.0
2024-07-11,88500,88800,86700,87600,24677608,-0.22779043280182232
2024-07-12,85900,86100,84100,84400,26344386,-3.65296803652968
2024-07-15,84700,87300,84100,86700,25193080,2.7251184834123223
2024-07-16,86900,88000,86700,87700,16166688,1.1534025374855825
2024-07-17,87100,88000,86400,86700,18186490,-1.1402508551881414
2024-07-18,83800,86900,83800,86900,24721790,0.2306805074971165
2024-07-19,85600,86100,84100,84400,18569122,-2.8768699654775602
2024-07-22,84400,84900,82600,83000,18987560,-1.6587677725118484
2024-07-23,84200,84700,83400,83900,15766389,1.0843373493975903
2024-07-24,82900,83300,81900,82000,16939083,-2.264600715137068
2024-07-25,80400,81000,80100,80400,20323811,-1.951219512195122
2024-07-26,80700,81300,80400,80900,14508334,0.6218905472636816
2024-07-29,81600,82000,81100,81200,12797136,0.3708281829419036
2024-07-30,80400,81000,80000,81000,13169636,-0.24630541871921183
2024-07-31,81200,83900,80900,83900,20744323,3.580246913580247
2024-08-01,86000,86100,83100,83100,20900338,-0.9535160905840285
2024-08-02,81000,81400,79500,79600,25800275,-4.21179302045728
2024-08-05,76700,76900,70200,71400,54608790,-10.301507537688442
2024-08-06,74900,75300,72300,72500,47295226,1.5406162464985995
2024-08-07,73000,76000,72800,74700,32710428,3.0344827586206895
2024-08-08,73200,73900,72500,73400,28414729,-1.7402945113788488
2024-08-09,75700,75800,74200,74700,16388222,1.7711171662125342
2024-08-12,75200,75900,74800,75500,9839259,1.07095046854083
2024-08-13,76500,76600,75500,76100,10716261,0.7947019867549668
2024-08-14,77400,77800,77000,77200,13246168,1.445466491458607
2024-08-16,79400,80200,78700,80200,22061478,3.8860103626943006
2024-08-19,80100,80100,78000,78300,14146565,-2.369077306733167
2024-08-20,79500,79800,78700,78900,10683836,0.7662835249042145
2024-08-21,77900,78600,77800,78300,7805598,-0.7604562737642585
2024-08-22,78700,78900,77800,78300,8149101,0.0
2024-08-23,77700,78400,77500,77700,9420306,-0.7662835249042145
2024-08-26,78100,78200,76000,76100,15655938,-2.0592020592020592
2024-08-27,75700,76500,75600,75800,11130145,-0.39421813403416556
2024-08-28,75800,76400,75400,76400,9794514,0.79155672823219
2024-08-29,73600,74700,73500,74000,16884479,-3.1413612565445024
2024-08-30,74400,75000,74100,74300,16358520,0.40540540540540543
2024-09-02,74500,74700,73500,74400,12641376,0.13458950201884254
2024-09-03,74100,74300,72500,72500,16314599,-2.553763440860215
2024-09-04,69800,71100,69800,70000,27366563,-3.4482758620689653
2024-09-05,70100,71200,69000,69000,25686769,-1.4285714285714286
2024-09-06,69100,69700,68000,68900,19022299,-0.14492753623188406
2024-09-09,66900,68200,66600,67500,23263298,-2.0319303338171264
2024-09-10,67000,67300,66000,66200,30651376,-1.925925925925926
2024-09-11,65100,65500,64200,64900,35809707,-1.9637462235649545
2024-09-12,66000,66600,65200,66300,35884106,2.157164869029276
2024-09-13,65000,65500,64300,64400,25045135,-2.865761689291101
2024-09-19,64000,64400,62200,63100,49402713,-2.018633540372671
2024-09-20,63800,64700,63000,63000,32746056,-0.15847860538827258
2024-09-23,62300,63500,62200,62600,28542376,-0.6349206349206349
2024-09-24,62800,63400,62400,63200,26957500,0.9584664536741214
2024-09-25,63800,64200,62200,62200,28652438,-1.5822784810126582
2024-09-26,63900,64900,63700,64700,37566015,4.019292604501608
2024-09-27,64700,65400,64200,64200,28433030,-0.7727975270479135
2024-09-30,64200,64300,61500,61500,32694163,-4.205607476635514
2024-10-02,60500,61900,59900,61300,28473536,-0.3252032520325203
2024-10-04,61000,61700,60500,60600,24247578,-1.1419249592169658
2024-10-07,60200,61900,59500,61000,35066533,0.6600660066006601
2024-10-08,60000,61000,59900,60300,27411786,-1.1475409836065573
2024-10-10,60100,60200,58900,58900,45262214,-2.321724709784411
2024-10-11,59100,60100,59000,59300,29623969,0.6791171477079796
2024-10-14,59500,61200,59400,60800,20886249,2.5295109612141653
2024-10-15,61100,61400,60100,61000,22715239,0.3289473684210526
2024-10-16,59400,60000,59200,59500,23303268,-2.459016393442623
2024-10-17,59400,60100,59100,59700,23372873,0.33613445378151263
2024-10-18,59900,60100,59100,59200,14420260,-0.8375209380234505
2024-10-21,59000,59600,58500,59000,18514905,-0.33783783783783783
2024-10-22,58800,58900,57700,57700,27582527,-2.2033898305084745
2024-10-23,57500,60000,57100,59100,27300780,2.4263431542461005
2024-10-24,58200,58500,56600,56600,31499922,-4.230118443316413
2024-10-25,56000,56900,55800,55900,25829315,-1.2367491166077738
2024-10-28,55700,58500,55700,58100,27775009,3.9355992844364938
2024-10-29,58000,59600,57300,59600,28369314,2.5817555938037864
2024-10-30,59100,59800,58600,59100,19838511,-0.8389261744966443
2024-10-31,58500,61200,58300,59200,35809196,0.1692047377326565
2024-11-01,59000,59600,58100,58300,19083180,-1.5202702702702704
2024-11-04,58600,59400,58400,58700,15586947,0.6861063464837049
2024-11-05,57800,58100,57200,57600,17484474,-1.8739352640545146
2024-11-06,57600,58000,56300,57300,22092218,-0.5208333333333333
2024-11-07,56900,58100,56800,57500,17043102,0.34904013961605584
2024-11-08,58000,58300,57000,57000,13877396,-0.8695652173913043
2024-11-11,56700,56800,55000,55000,29811326,-3.508771929824561
2024-11-12,54600,54600,53000,53000,37962881,-3.6363636363636362
2024-11-13,52000,53000,50500,50600,52527995,-4.528301886792453
2024-11-14,50200,51800,49900,49900,48510715,-1.383399209486166
2024-11-15,50300,54200,50300,53500,46774485,7.214428857715431
2024-11-18,57000,57500,55900,56700,48095234,5.981308411214954
2024-11-19,56500,57500,55900,56300,31539632,-0.7054673721340388
2024-11-20,56100,56500,54800,55300,20864667,-1.7761989342806392
2024-11-21,54900,56900,54700,56400,19096850,1.9891500904159132
2024-11-22,56000,56700,55900,56000,15281543,-0.7092198581560284
2024-11-25,57400,57900,56700,57900,36237325,3.392857142857143
2024-11-26,57900,58900,57500,58300,23209405,0.690846286701209
2024-11-27,57700,57800,56000,56300,21808387,-3.430531732418525
2024-11-28,56000,56400,55200,55500,20001134,-1.4209591474245116
2024-11-29,55100,55300,53800,54200,24513531,-2.3423423423423424
2024-12-02,54300,54400,53100,53600,22044867,-1.107011070110701
2024-12-03,53100,54400,53100,53600,23374603,0.0
2024-12-04,52000,53400,52000,53100,29004766,-0.9328358208955223
2024-12-05,53200,54400,53200,53700,23588277,1.1299435028248588
2024-12-06,53900,54400,52700,54100,22861874,0.74487895716946
2024-12-09,53500,54600,53200,53400,26227680,-1.2939001848428837
2024-12-10,54500,54500,53700,54000,20783970,1.1235955056179776
2024-12-11,53600,54200,53400,54000,14565947,0.0
2024-12-12,54000,56500,53900,55900,33476698,3.5185185185185186
2024-12-13,55800,56300,55500,56100,15908823,0.35778175313059035
2024-12-16,56300,56600,55200,55600,15277277,-0.8912655971479502
2024-12-17,54700,55200,54000,54200,20215230,-2.5179856115107913
2024-12-18,54100,55400,54000,54900,13698937,1.2915129151291513
2024-12-19,53500,53800,53100,53100,22481925,-3.278688524590164
2024-12-20,52700,53100,51900,53000,24674774,-0.18832391713747645
2024-12-23,53400,54000,53300,53500,13672650,0.9433962264150944
2024-12-24,53700,54500,53600,54400,11634677,1.6822429906542056
2024-12-26,54500,54600,53500,53600,10517075,-1.4705882352941175
2024-12-27,53500,54100,53200,53700,10747196,0.18656716417910446
2024-12-30,53300,54000,53100,53200,12624702,-0.931098696461825
2025-01-02,52700,53600,52300,53400,16630538,0.37593984962406013
2025-01-03,52800,55100,52800,54400,19318046,1.8726591760299627
2025-01-06,54400,56200,54300,55900,19034284,2.7573529411764706
2025-01-07,56800,57300,55400,55400,17030235,-0.8944543828264758
2025-01-08,54800,57500,54700,57300,26593553,3.429602888086643
2025-01-09,57600,57700,56100,56100,24490592,-2.094240837696335
2025-01-10,56100,56500,55200,55300,16059223,-1.4260249554367201
2025-01-13,54600,55000,54100,54100,16868600,-2.1699819168173597
2025-01-14,54200,54600,53700,53900,17465926,-0.36968576709796674
2025-01-15,54100,54700,53500,53700,18625025,-0.3710575139146568
2025-01-16,54200,55000,54100,54300,18627298,1.1173184357541899
2025-01-17,53800,54100,53200,53700,18805344,-1.1049723756906076
2025-01-20,53600,53900,53300,53400,11822531,-0.5586592178770949
2025-01-21,53700,54300,53300,53500,13535702,0.18726591760299627
2025-01-22,53400,54400,53100,54300,18341991,1.4953271028037385
2025-01-23,53700,54100,53500,53700,15588067,-1.1049723756906076
2025-01-24,53600,53800,53200,53700,11867631,0.0
2025-01-31,52200,53000,51700,52400,42186279,-2.4208566108007448
2025-02-03,51100,51400,50800,51000,32344897,-2.6717557251908395
2025-02-04,51600,53600,51500,52700,27214851,3.3333333333333335
2025-02-05,53600,53800,52800,52900,15974885,0.3795066413662239
2025-02-06,53400,54000,53200,54000,16466025,2.0793950850661624
2025-02-07,53900,54200,53600,53700,14476866,-0.5555555555555556
2025-02-10,53000,55900,52900,55600,27577591,3.5381750465549344
2025-02-11,55500,56300,55000,55700,24596196,0.1798561151079137
2025-02-12,55100,55900,54500,55800,26428596,0.17953321364452424
2025-02-13,56100,56400,55600,55800,22448377,0.0
2025-02-14,56000,57300,56000,56000,23979779,0.35842293906810035
2025-02-17,56100,56500,55700,56000,11916027,0.0
2025-02-18,56200,57200,55900,56900,22131007,1.607142857142857
2025-02-19,57400,58900,57300,58700,25395151,3.163444639718805
2025-02-20,59100,59100,58100,58400,21589059,-0.5110732538330494
2025-02-21,58400,58500,57100,58200,22198428,-0.3424657534246575
2025-02-24,57300,57700,57200,57300,14138471,-1.5463917525773196
2025-02-25,56600,57800,56500,57200,14625181,-0.17452006980802792
2025-02-26,57000,57100,56100,56600,18117091,-1.048951048951049
2025-02-27,56500,57100,56200,56300,14975356,-0.5300353356890459
2025-02-28,55400,55700,54500,54500,28036698,-3.197158081705151
2025-03-04,53900,55000,53800,54500,18553933,0.0
2025-03-05,55100,55400,54000,54000,16578817,-0.9174311926605505
2025-03-06,54100,54500,54000,54300,12258101,0.5555555555555556
2025-03-07,53500,54200,53400,53700,14274992,-1.1049723756906076
2025-03-10,53500,54800,53500,53700,12921670,0.0
2025-03-11,52500,54100,52500,53600,17740891,-0.186219739292365
2025-03-12,53800,55300,53600,54900,17973221,2.425373134328358
2025-03-13,55800,55900,54200,54700,24132151,-0.36429872495446264
2025-03-14,54500,55100,54400,54700,10845154,0.0
2025-03-17,55500,57800,55400,57600,35559021,5.301645338208409
2025-03-18,58800,59000,57300,57600,28138594,0.0
2025-03-19,57400,59200,57400,58500,29421759,1.5625
2025-03-20,59200,60300,58500,60200,34989004,2.905982905982906
2025-03-21,60900,61700,60400,61700,40155612,2.4916943521594686
2025-03-24,61200,61600,60500,60500,14088094,-1.9448946515397085
2025-03-25,60900,61100,59500,59800,17259455,-1.1570247933884297
2025-03-26,59800,61400,59700,61400,16431645,2.6755852842809364
2025-03-27,60900,62000,60800,61800,20389790,0.6514657980456027
2025-03-28,60700,61100,60000,60200,16282514,-2.5889967637540456
2025-03-31,59500,59700,57800,57800,17633494,-3.9867109634551494
2025-04-01,58700,59600,57900,58800,13841706,1.7301038062283738
2025-04-02,58800,59400,58300,58800,14402297,0.0
2025-04-03,56900,57800,56900,57600,19508076,-2.0408163265306123
2025-04-04,56200,58200,55700,56100,23527139,-2.604166666666667
2025-04-07,53300,54100,53100,53200,31998883,-5.169340463458111
2025-04-08,55000,55300,53300,53500,25532845,0.5639097744360901
2025-04-09,53300,54300,52900,53000,20576960,-0.9345794392523363
2025-04-10,56600,56700,55000,56400,22948172,6.415094339622642
2025-04-11,55600,55700,54800,55200,13930480,-2.127659574468085
2025-04-14,56300,56700,55800,56200,12852613,1.8115942028985508
2025-04-15,56300,57100,56200,56600,8998640,0.7117437722419928
2025-04-16,56000,56200,54500,54700,14437025,-3.356890459363958
2025-04-17,54700,55300,54500,55100,10867069,0.7312614259597806
2025-04-18,55300,55600,54900,55300,5848342,0.3629764065335753
2025-04-21,55200,56000,55100,55400,5941847,0.18083182640144665
2025-04-22,54900,55500,54700,55000,9532469,-0.7220216606498195
2025-04-23,56000,56100,55500,55700,11148692,1.2727272727272727
2025-04-24,55600,55800,55200,55700,10580377,0.0
2025-04-25,56400,56400,55600,55700,12183303,0.0
2025-04-28,55800,55900,55500,55800,9341518,0.17953321364452424
2025-04-29,55700,56500,55600,55800,10295518,0.0
2025-04-30,55900,56000,55300,55500,13014189,-0.5376344086021506
2025-05-02,55000,55500,54200,54300,22454204,-2.1621621621621623
2025-05-07,54500,55000,54300,54600,17136991,0.5524861878453038
2025-05-08,55100,55500,54500,54600,16320532,0.0
2025-05-09,54700,55000,54400,54800,7814322,0.3663003663003663
2025-05-12,55200,57600,55000,57600,15414702,5.109489051094891
2025-05-13,57700,58200,56800,56900,16842801,-1.215277777777778
2025-05-14,57500,57900,57000,57400,12468089,0.8787346221441126
2025-05-15,57400,58600,57100,57300,13139736,-0.17421602787456447
2025-05-16,57400,57500,56700,56800,10385352,-0.8726003490401396
2025-05-19,56400,56400,55500,55800,9802105,-1.7605633802816902
2025-05-20,56200,56700,55700,55900,9080577,0.17921146953405018
2025-05-21,56200,56600,55700,55700,7794181,-0.35778175313059035
2025-05-22,55300,55500,54500,54700,15254278,-1.7953321364452424
2025-05-23,55000,55200,54100,54200,11247115,-0.9140767824497258
2025-05-26,53900,55000,53700,54700,10901337,0.9225092250922509
2025-05-27,54200,54500,53800,53900,13439520,-1.4625228519195612
2025-05-28,54300,56100,54200,55900,17516283,3.710575139146568
2025-05-29,56200,56400,55600,56100,12936810,0.35778175313059035
2025-05-30,56200,57200,55800,56200,26219683,0.17825311942959002
2025-06-02,56300,57300,56200,56800,12870515,1.0676156583629894
2025-06-04,57200,57900,56800,57800,19649983,1.7605633802816902
2025-06-05,58100,59900,57900,59100,23266027,2.249134948096886
2025-06-09,60400,60400,59500,59800,19609659,1.1844331641285957
2025-06-10,60000,60100,58800,59200,15305760,-1.0033444816053512
2025-06-11,59500,60100,59400,59900,13610734,1.1824324324324325
2025-06-12,59700,60000,59300,59500,17755115,-0.667779632721202
2025-06-13,60200,60200,57700,58300,20705979,-2.0168067226890756
2025-06-16,58000,58100,56900,57200,22200872,-1.8867924528301887
2025-06-17,57800,59800,57400,58100,28637003,1.5734265734265735
2025-06-18,58000,59800,57900,59800,17620705,2.9259896729776247
2025-06-19,60500,60600,59000,59200,16876278,-1.0033444816053512
2025-06-20,59400,59800,59100,59500,18072251,0.5067567567567568
2025-06-23,58400,58500,57600,58000,16551694,-2.5210084033613445
2025-06-24,59400,60600,59300,60500,23737899,4.310344827586207
2025-06-25,61500,61600,60300,61300,23933612,1.322314049586777
2025-06-26,61300,61300,59900,60200,19402300,-1.794453507340946
2025-06-27,60100,61600,60000,60800,17340470,0.9966777408637874
2025-06-30,61200,61200,59800,59800,17110294,-1.644736842105263
2025-07-01,60400,61100,60200,60200,13650991,0.6688963210702341
2025-07-02,60200,60900,59800,60800,15047951,0.9966777408637874
2025-07-03,61300,63800,61100,63800,32040639,4.934210526315789
2025-07-04,64700,64700,63000,63300,23748959,-0.7836990595611284
2025-07-07,62900,63300,61700,61700,17164708,-2.527646129541864
2025-07-08,61600,62400,61000,61400,20213724,-0.48622366288492713
2025-07-09,61400,61400,60200,60400,17533415,-1.6286644951140066
2025-07-10,60600,61200,60400,61000,14768473,0.9933774834437087
2025-07-11,61300,62800,61200,62600,19140650,2.622950819672131
2025-07-14,62300,62600,61800,62500,13563846,-0.1597444089456869
2025-07-15,62300,63800,62000,63700,18442202,1.92
2025-07-16,63700,64700,63100,64700,23042660,1.5698587127158554
2025-07-17,65900,66800,64400,66700,39448683,3.091190108191654
2025-07-18,67000,67800,66300,67100,23951531,0.5997001499250375
2025-07-21,67400,68800,67200,67800,17723148,1.0432190760059614
2025-07-22,68100,68500,65600,66000,20829006,-2.6548672566371683
2025-07-23,66200,66500,64900,66400,15687058,0.6060606060606061
2025-07-24,66500,66800,65900,66000,12660193,-0.6024096385542169
2025-07-25,65700,66300,65500,65900,8080910,-0.15151515151515152
2025-07-28,68200,70400,67200,70400,35332500,6.828528072837632
2025-07-29,70800,70800,68800,70600,28190940,0.2840909090909091
2025-07-30,71000,73700,70600,72600,34761444,2.8328611898017
2025-07-31,73000,74000,71000,71400,26568072,-1.6528925619834711
2025-08-01,70200,72000,68800,68900,24038534,-3.5014005602240896
2025-08-04,69500,70200,68700,69700,14780072,1.1611030478955007
2025-08-05,71000,71500,69700,69900,14392903,0.2869440459110474
2025-08-06,69200,69400,68300,68800,12542415,-1.5736766809728182
2025-08-07,70800,71000,69700,70500,15008213,2.4709302325581395
2025-08-08,71000,72400,70700,71800,22241128,1.8439716312056738
2025-08-11,72000,72100,70800,71000,11354253,-1.1142061281337048
2025-08-12,71100,72400,71100,71100,15797656,0.14084507042253522
2025-08-13,71900,72100,71400,71900,12305742,1.1251758087201125
2025-08-14,71900,71900,71200,71600,11946122,-0.4172461752433936
2025-08-18,71100,71200,70000,70000,13595591,-2.2346368715083798
2025-08-19,70400,70700,69700,70000,10533082,0.0
2025-08-20,70100,70700,69400,70500,17445516,0.7142857142857143
2025-08-21,71500,71900,70600,70600,18843833,0.14184397163120568
2025-08-22,71700,71800,70800,71400,9277432,1.13314447592068
2025-08-25,71700,71800,71000,71500,10345178,0.1400560224089636
2025-08-26,70800,71100,70300,70300,14712519,-1.6783216783216783
2025-08-27,70100,70900,69800,70600,10523405,0.42674253200568996
2025-08-28,70100,70400,69600,69600,11578024,-1.41643059490085
2025-08-29,70100,70500,69700,69700,11682267,0.14367816091954022
2025-09-01,68400,68600,67500,67600,12002343,-3.012912482065997
2025-09-02,67800,69500,67800,69100,10604028,2.2189349112426036
2025-09-03,69200,69800,68800,69800,10283009,1.0130246020260492
2025-09-04,69500,70100,69300,70100,12284414,0.42979942693409745
2025-09-05,70300,70400,69500,69500,11526724,-0.8559201141226819
2025-09-08,69800,70500,69600,70100,9263135,0.8633093525179856
2025-09-09,70100,71500,70000,71500,14870245,1.9971469329529243
2025-09-10,71800,72800,71600,72600,21928565,1.5384615384615385
2025-09-11,73200,73600,72100,73400,20793501,1.1019283746556474
2025-09-12,74600,75600,74200,75400,28219678,2.7247956403269753
2025-09-15,77200,77600,75900,76500,19908805,1.4588859416445623
2025-09-16,76900,79500,76700,79400,28218265,3.7908496732026142
2025-09-17,79100,79100,77100,78200,20856317,-1.5113350125944585
2025-09-18,79100,80500,78600,80500,25619035,2.941176470588235
2025-09-19,81100,81200,79600,79700,20898386,-0.9937888198757764
2025-09-22,81500,84000,81100,83500,27529656,4.767879548306149
2025-09-23,85800,85900,83600,84700,23610263,1.437125748502994
2025-09-24,84200,85500,83700,85400,18300997,0.8264462809917356
2025-09-25,84400,86200,84100,86100,19665151,0.819672131147541
2025-09-26,85000,85300,82400,83300,24071193,-3.2520325203252036
2025-09-29,83300,85000,83200,84200,13069094,1.0804321728691477
2025-09-30,84600,84900,83400,83900,16319061,-0.35629453681710216
2025-10-01,84900,86200,84700,86000,22039361,2.5029797377830754
2025-10-02,89300,90300,88700,89000,49883028,3.488372093023256
2025-10-10,94000,94500,92700,94400,35269748,6.067415730337078
2025-10-13,91300,93400,90700,93300,23883308,-1.1652542372881356
2025-10-14,95300,96000,90200,91600,35545235,-1.822079314040729
2025-10-15,92300,95300,92100,95000,21050111,3.711790393013101
2025-10-16,95300,97700,95000,97700,28141060,2.8421052631578947
2025-10-17,97200,99100,96700,97900,22730809,0.2047082906857728
2025-10-20,97900,98300,96000,98100,17589756,0.20429009193054137
2025-10-21,98500,99900,97300,97500,22803830,-0.6116207951070336
2025-10-22,97100,98600,95500,98600,15937611,1.1282051282051282
2025-10-23,96800,98500,96300,96500,18488581,-2.129817444219067
2025-10-24,97900,99000,97700,98800,18801925,2.383419689119171
2025-10-27,101300,102000,100600,102000,22169970,3.2388663967611335
2025-10-28,100900,101000,99100,99500,20002282,-2.450980392156863
2025-10-29,100200,101000,99100,100500,20899788,1.0050251256281406
2025-10-30,102400,105800,102000,104100,34570017,3.582089552238806
2025-10-31,105000,108600,103300,107500,54824564,3.266090297790586
2025-11-03,106900,111500,106500,111100,30110066,3.3488372093023258
2025-11-04,111800,112400,104900,104900,30450281,-5.5805580558055805
2025-11-05,101000,102000,96700,100600,44843020,-4.0991420400381315
2025-11-06,103700,103800,98800,99200,28655689,-1.3916500994035785
2025-11-07,96400,100300,96300,97900,22908083,-1.310483870967742
2025-11-10,98600,101000,97900,100600,23842327,2.7579162410623086
2025-11-11,103700,106000,102000,103500,27742542,2.8827037773359843
2025-11-12,103000,103900,101600,103100,19413497,-0.3864734299516908
2025-11-13,102500,104200,102300,102800,20838741,-0.2909796314258002
2025-11-14,99000,99600,97200,97200,21806342,-5.447470817120623
2025-11-17,99800,101000,99500,100600,17192584,3.4979423868312756
2025-11-18,99800,100900,97500,97800,18684068,-2.783300198807157
2025-11-19,97100,97500,94600,96500,18993346,-1.329243353783231
2025-11-20,100900,102900,99500,100600,25360435,4.248704663212435
2025-11-21,95600,96800,94500,94800,23103574,-5.7654075546719685
2025-11-24,97800,99000,96200,96700,29831172,2.0042194092827006
2025-11-25,101400,101400,97800,99300,16110054,2.688728024819028
2025-11-26,100500,102900,99300,102800,21314975,3.5246727089627394
2025-11-27,104100,105500,102700,103500,16453004,0.6809338521400778
2025-11-28,103800,103800,100500,100500,15292277,-2.898550724637681
2025-12-01,102000,102800,99900,100800,10905526,0.2985074626865672
2025-12-02,101200,103500,101000,103400,13649487,2.579365079365079
2025-12-03,104700,105500,104000,104500,14697927,1.0638297872340425
2025-12-04,103900,105100,103200,105100,11931145,0.5741626794258373
2025-12-05,105300,108400,104600,108400,19755571,3.139866793529972
2025-12-08,109700,110000,108000,109500,15527762,1.014760147601476
2025-12-09,108900,109400,107300,108400,13671800,-1.004566210045662
2025-12-10,108300,109800,107400,108000,12365092,-0.36900369003690037
2025-12-11,109200,110500,107300,107300,22994507,-0.6481481481481481
2025-12-12,107100,108900,106800,108900,14210314,1.4911463187325256
2025-12-15,105300,105800,104600,104800,20594654,-3.7649219467401287
2025-12-16,104900,105600,102700,102800,18852079,-1.9083969465648856
2025-12-17,103500,108100,103400,107900,22297611,4.961089494163424
2025-12-18,106400,108200,105700,107600,20445631,-0.27803521779425394
2025-12-19,109700,109700,106200,106300,25917098,-1.20817843866171
2025-12-22,109700,110500,109300,110500,24859171,3.951081843838194
2025-12-23,110900,112500,110400,111500,20419187,0.904977375565611
2025-12-24,112400,112400,110900,111100,12492939,-0.35874439461883406
2025-12-26,112400,117000,112400,117000,34018174,5.3105310531053105
2025-12-29,119400,119700,118200,119500,19676004,2.1367521367521367
2025-12-30,119100,121200,118700,119900,19746349,0.33472803347280333
